client_id,client_first_name,client_middle_name,client_last_name,client_fio_full,client_bday,client_bplace,client_cityzen,client_resident_cd,client_gender,client_marital_cd,client_graduate,client_child_cnt,client_mil_cd,client_zagran_cd,client_inn,client_snils,client_vip_cd,contact_vc,contact_tg,contact_other,contact_email,contact_phone,addr_region,addr_country,addr_zip,addr_street,addr_house,addr_body,addr_flat,addr_area,addr_loc,addr_city,addr_reg_dt,addr_str,fin_rating,fin_loan_limit,fin_loan_value,fin_loan_debt,fin_loan_percent,fin_loan_begin_dt,fin_loan_end_dt,stream_favorite_show,stream_duration,create_date,update_date,source_cd
596118586,Меджид,Кузарович,Евдунов,Евдунов Меджид Кузарович,1992-08-23,ДЕР. КИРГИНЦЕВО АРОМАШЕВСКОГО Р-НА ТЮМЕНСКОЙ ОБЛ.,RUS,Д,М,Д,Н,2.0,Д,Н,912343465984.0,52203201188.0,Н,,,,evdunov@goddess.com,+7 926 226 7251,63.0,1103.0,445039,ГАЯ,12,,318,,,ТОЛЬЯТТИ,,"63, г.ТОЛЬЯТТИ, ул. ГАЯ, д.12, кв.318",5.0,729900.0,,,,,,,,2020-07-16 05:10:57.904,2020-07-16 05:10:57.904,Bank
747208737,Мансыр,Хирсанович,Повод,Повод Мансыр Хирсанович,1987-03-15,,, ,М, ,,1.0, , ,,,,,,,povod@ajman.cc,+7 923 794 1066,,,,,,,,,,,,,,,,,,,,Star Wars: A New Hope,1187.0,2020-11-13 21:33:19.620,2020-11-13 21:33:19.620,Stream
625104053,НУРДИНБЕК,УВАЙСОВИЧ,БУРНАС,БУРНАС НУРДИНБЕК УВАЙСОВИЧ,1961-04-05,СЕЛО ДИОРОВА ТЯЧЕВСКОГО РАЙОНА ЗАКАРПАТСКОЙ ОБЛАСТИ,RUS, ,М, ,,, , ,,,,,,,burnas@grapemail.net,+7 927 449 6708,,1103.0,121596,БАРВИХИНСКАЯ,20,,94,,,МОСКВА,,"г.МОСКВА, ул. БАРВИХИНСКАЯ, д.20, кв.94",,,,,,,,,,2022-09-06 20:41:55.362,2022-09-06 20:41:55.362,Telco
624196811,Афаят,Гордиевна,Бондажевская,Бондажевская Афаят Гордиевна,1976-06-01,,, ,Ж, ,,0.0, , ,,,,,,,bondazevskay@firemyst.com,+7 982 107 4554,,,,,,,,,,,,,,,,,,,,Остаться в живых,35.0,2021-08-17 19:00:45.024,2021-08-17 19:00:45.024,Stream
177500487,Сахия,Фидаевна,Разуева,Разуева Сахия Фидаевна,1961-07-31,,, ,Ж, ,,2.0, , ,,,,,,,razueva@chemist.com,+7 956 299 7470,,,,,,,,,,,,,,,,,,,,Начало,834.0,2022-11-05 05:37:58.131,2022-12-04 00:00:09.068,Stream
81705848,Аржана,Наилович,Чередник,Чередник Аржана Наилович,1933-07-06,,, ,Ж, ,,1.0, , ,,,,,,,herednik@saveourplanet.org,+7 969 775 2097,,,,,,,,,,,,,,,,,,,,Мстители: Финал,1334.0,2022-11-11 11:49:24.679,2022-11-11 11:49:24.679,Stream
445441055,Аимкан,Агургеновна,Богач,Богач Аимкан Агургеновна,1943-11-19,,, ,Ж, ,,1.0, , ,,,,,,,bogah@ravefan.com,+7 969 916 8743,,,,,,,,,,,,,,,,,,,,Шерлок,845.0,2024-07-26 17:11:39.934,2024-08-21 07:46:25.748,Stream
333808481,Арли,Янис,Помилов,Помилов Арли Янис,1963-10-01,,, ,М, ,,3.0, , ,,,,,,,pomilov@kairouan.cc,+7 925 136 9172,,,,,,,,,,,,,,,,,,,,Очень странные дела,831.0,2023-08-31 23:23:19.436,2024-03-19 21:49:48.631,Stream
610269013,Магарам,Тайевич,Лыло,Лыло Магарам Тайевич,1926-07-26,,, ,М, ,,1.0, , ,,,,,,,lylo@coolshit.com,+7 926 869 7387,,,,,,,,,,,,,,,,,,,,Во все тяжкие,1162.0,2021-07-23 06:06:36.147,2023-01-30 00:31:47.680,Stream
996443530,Тойдык,Чукановна,Лехно,Лехно Тойдык Чукановна,1965-09-11,,, ,Ж, ,,0.0, , ,,,,,,,lekno@rostov.tv,+7 964 556 5213,,,,,,,,,,,,,,,,,,,,Парк юрского периода,80.0,2021-02-08 00:14:20.275,2021-02-08 00:14:20.275,Stream
833289424,Курбонхон,Жумакович,Причина,Причина Курбонхон Жумакович,1956-01-04,,, ,М, ,,2.0, , ,,,,,,,prihina@barnaul.info,+7 952 188 1141,,,,,,,,,,,,,,,,,,,,Шестое чувство,843.0,2023-05-11 21:54:17.674,2023-05-11 21:54:17.674,Stream
848760916,Эвальд,Сайдович,Драницин,Драницин Эвальд Сайдович,1972-11-10,,, ,М, ,,0.0, , ,,,,,,,dranizin@fit.lv,+7 902 520 8650,,,,,,,,,,,,,,,,,,,,Мир Дикого Запада,1282.0,2020-08-04 00:08:19.142,2020-08-04 00:08:19.142,Stream
696077035,Эрдни,Дальсебович,Чихирев,Чихирев Эрдни Дальсебович,1993-08-25,,, ,М, ,,2.0, , ,,,,,,,hikirev@runet.biz,+7 986 278 5024,,,,,,,,,,,,,,,,,,,,Breaking Bad: El Camino,1345.0,2020-05-31 02:21:34.960,2023-06-05 07:41:57.508,Stream
110984744,Бисимеля,Милсович,Ковардин,Ковардин Бисимеля Милсович,1971-03-21,,, ,М, ,,0.0, , ,,,,,,,kovardina@funkytimes.com,+7 951 653 7377,,,,,,,,,,,,,,,,,,,,,342.0,2022-05-20 21:47:56.955,2023-09-24 07:13:12.808,Stream
837214990,Ямия,Габдулахаковна,Милитас,Милитас Ямия Габдулахаковна,1913-05-08,,, ,Ж, ,,1.0, , ,,,,,,,militas@111mail.com,+7 967 407 8630,,,,,,,,,,,,,,,,,,,,Великий Гэтсби,1243.0,2020-10-03 14:46:34.707,2020-10-03 14:46:34.707,Stream
194834508,Алима,Тешаевна,Слизких,Слизких Алима Тешаевна,1931-08-16,,, ,Ж, ,,0.0, , ,,,,,,,slizkik@tula.biz,+7 960 460 2217,,,,,,,,,,,,,,,,,,,,Пространство,1290.0,2020-10-02 18:45:45.802,2021-07-09 14:35:23.239,Stream
90102044,Ажабике,Бургановна,Деменкова,Деменкова Ажабике Бургановна,0060-08-13,,, ,Ж, ,,2.0, , ,,,,,,,demenkova@sinai.cc,+7 931 116 2094,,,,,,,,,,,,,,,,,,,,Карточный домик,733.0,2022-03-28 13:07:58.553,2022-05-06 03:00:21.578,Stream
944137510,Нора,Калисламовна,Бекузарова,Бекузарова Нора Калисламовна,1900-03-05,,, ,Ж, ,,3.0, , ,,,,,,,bekuzarova@megarave.com,+7 937 328 9358,,,,,,,,,,,,,,,,,,,,The Incredibles,223.0,2020-12-07 03:29:36.439,2023-11-19 11:01:54.357,Stream
576526000,Санья,Закирияновна,Ерошина,Ерошина Санья Закирияновна,1964-05-09,,, ,Ж, ,,1.0, , ,,,,,,,erohina@cameroon.cc,+7 982 826 8494,,,,,,,,,,,,,,,,,,,,The Wolf of Wall Street,79.0,2021-01-09 23:10:06.572,2021-01-09 23:10:06.572,Stream
996529519,Мавлюдя,Муразовна,Илюничева,Илюничева Мавлюдя Муразовна,1967-02-17,,, ,Ж, ,,1.0, , ,,,,,,,iluniheva@geologist.com,+7 950 806 3023,,,,,,,,,,,,,,,,,,,,Harry Potter and the Sorcerer's Stone,892.0,2024-05-12 21:19:37.702,2024-07-21 12:39:55.808,Stream
657676170,КИЁМИДДИН,ИМАНИ ОГЛЫ,ФЕДОРИЩЕВ,ФЕДОРИЩЕВ КИЁМИДДИН ИМАНИ ОГЛЫ,1932-04-02,П. М-КУРГАН М-КУРГАНСКОГО Р-НА Р О РОССИЯ,RUS, ,М, ,,, , ,,,,,,,fedorihev@murmansk.biz,+7 900 354 4700,42.0,1103.0,650000,Дзержинского,46,,83,,,Калтан,,"42, г.Калтан, ул. Дзержинского, д.46, кв.83",,,,,,,,,,2021-04-06 18:30:20.210,2021-04-06 18:30:20.210,Telco
374866318,Нтазар,Фильдусович,Курошин,Курошин Нтазар Фильдусович,1918-09-12,,, ,М, ,,1.0, , ,,,,,,,kurohin@gospelcity.com,+7 981 940 3306,,,,,,,,,,,,,,,,,,,,Мстители,1346.0,2024-04-29 08:50:50.318,2024-06-05 02:01:24.278,Stream
4262625,Сутузиган,Вильеровна,Викарий,Викарий Сутузиган Вильеровна,1999-11-13,,, ,Ж, ,,0.0, , ,,,,,,,vikarij@irow.com,+7 999 391 8310,,,,,,,,,,,,,,,,,,,,Академия Амбрелла,561.0,2022-02-28 14:59:28.974,2022-07-31 07:51:24.882,Stream
692952345,Рафая,Михайлована,Фокова,Фокова Рафая Михайлована,1927-02-07,,, ,Ж, ,,0.0, , ,,,,,,,fokova@nycmail.com,+7 981 331 3998,,,,,,,,,,,,,,,,,,,,Помни,74.0,2020-07-10 12:43:52.014,2020-12-14 09:58:17.105,Stream
663975328,Вагенак,Эммильевич,Ютрин,Ютрин Вагенак Эммильевич,1973-06-23,,, ,М, ,,0.0, , ,,,,,,,utrin@kyrgyzstan.cc,+7 922 486 9429,,,,,,,,,,,,,,,,,,,,Бойцовский клуб,620.0,2022-05-28 16:40:38.414,2022-05-28 16:40:38.414,Stream
824415937,Лайса,Тилеуовна,Путенко,Путенко Лайса Тилеуовна,1977-05-05,,, ,Ж, ,,0.0, , ,,,,,,,putenko@gamerssolution.com,+7 903 950 3735,,,,,,,,,,,,,,,,,,,,Человек-паук: Нет пути домой,340.0,2020-01-20 07:49:39.705,2020-01-20 07:49:39.705,Stream
632756293,Хуршидабону,Юлиановна,Горлышева,Горлышева Хуршидабону Юлиановна,2050-03-01,,, ,Ж, ,,0.0, , ,,,,,,,gorlyheva@volga.tv,+7 993 731 3967,,,,,,,,,,,,,,,,,,,,Клан Сопрано,906.0,2020-07-09 12:41:30.271,2020-07-09 12:41:30.271,Stream
586782394,АЙМАНА,БРЕМЖАНОВНА,ХЛУДОВА,ХЛУДОВА АЙМАНА БРЕМЖАНОВНА,1987-03-05,ГОР. БИШКЕК Р-КИ КИРГИЗИЯ,RUS, ,Ж, ,,, , ,,,,,,,kludova@scientist.com,+7 982 979 1594,2.0,1103.0,450078,АЙСКАЯ,54,,17,,,УФА,,"2, г.УФА, ул. АЙСКАЯ, д.54, кв.17",,,,,,,,,,2020-09-30 08:29:32.861,2020-09-30 08:29:32.861,Telco
177926863,Нанет,Оразгельдыевна,Пахнева,Пахнева Нанет Оразгельдыевна,1967-12-20,,, ,Ж, ,,0.0, , ,,,,,,,pakneva@netfingers.com,+7 906 840 5818,,,,,,,,,,,,,,,,,,,,No Time to Die,768.0,2023-05-02 12:56:46.255,2023-05-02 12:56:46.255,Stream
433449996,БЕКСУЛТАН,ТЫНЫБЕКОВИЧ,НОВОДРАН,НОВОДРАН БЕКСУЛТАН ТЫНЫБЕКОВИЧ,1965-10-20,"С.ТИХМЕНЕВО, ЛЕСОЗАВОДСКОГО Р-НА, ПРИМОРСКОГО КРАЯ",RUS, ,М, ,,, , ,,,,,,,novodran@bikermail.com,+7 918 546 2768,63.0,1103.0,446400,УЛЬЯНОВСКАЯ,28,,22,,,КИНЕЛЬ,,"63, г.КИНЕЛЬ, ул. УЛЬЯНОВСКАЯ, д.28, кв.22",,,,,,,,,,2013-10-10 04:23:08.369,2013-10-10 04:23:08.369,Telco
568981110,РИФКАТЬ,КЛАВДИЕВИЧ,РАДЕЦКИЙ,РАДЕЦКИЙ РИФКАТЬ КЛАВДИЕВИЧ,1960-09-08,С.КОНЕЗАВОД БОГРАДСКОГО РАЙОНА КРАСНОЯРСКОГО КРАЯ,RUS, ,М, ,,, , ,,,,,,,radezkij@singapore.com,+7 920 324 3924,38.0,1103.0,665106,МАСЛОВСКОГО,30,,9,,,НИЖНЕУДИНСК,,"38, г.НИЖНЕУДИНСК, ул. МАСЛОВСКОГО, д.30, кв.9",,,,,,,,,,2012-06-29 03:57:39.429,2017-04-29 19:33:47.160,Telco
879189101,Эргашбай,Руальдович,Калтавских,Калтавских Эргашбай Руальдович,1996-12-29,,, ,М, ,,1.0, , ,,,,,,,kaltavskik@hacker.am,+7 994 921 5969,,,,,,,,,,,,,,,,,,,,Эйфория,742.0,2023-05-07 02:48:36.514,2023-05-07 02:48:36.514,Stream
392523408,Лесбай,Сережевич,Шукан,Шукан Лесбай Сережевич,1996-02-19,,, ,М, ,,1.0, , ,,,,,,,hukan@mail333.com,+7 950 990 6830,,,,,,,,,,,,,,,,,,,,Голодные игры,1325.0,2024-07-05 09:35:58.428,2024-07-05 09:35:58.428,Stream
300490944,Акбар,Абас-Оглы,Шолупов,Шолупов Акбар Абас-Оглы,1995-11-13,,, ,М, ,,0.0, , ,,,,,,,holupov@surf.co.nz,+7 930 573 8810,,,,,,,,,,,,,,,,,,,,Отель «Гранд Будапешт»,780.0,2021-08-29 01:00:47.254,2021-12-11 03:46:42.436,Stream
317525054,Люсия,Петерисовна,Брусенцова,Брусенцова Люсия Петерисовна,1944-05-12,,, ,Ж, ,,1.0, , ,,,,,,,brusenzova@musicsites.com,+7 993 814 4518,,,,,,,,,,,,,,,,,,,,The Social Network,183.0,2022-03-21 14:50:58.319,2023-12-01 09:20:01.563,Stream
691044518,Садида,Кодиржановна,Битная,Битная Садида Кодиржановна,1991-04-24,,, ,Ж, ,,0.0, , ,,,,,,,bitnay@saintly.com,+7 934 724 7220,,,,,,,,,,,,,,,,,,,,Gone Girl,668.0,2024-05-14 01:21:47.293,2024-07-11 05:40:39.616,Stream
522331916,Даур,Антоно,Кокорин-Бутрин,Кокорин-Бутрин Даур Антоно,1998-10-31,,, ,М, ,,1.0, , ,,,,,,,kokorin-butrin@mahjongplayer.com,+7 916 834 3487,,,,,,,,,,,,,,,,,,,,История игрушек,516.0,2021-06-21 14:44:48.438,2023-02-03 11:39:29.676,Stream
328540626,Ларина,Се-Фан,Ужегова,Ужегова Ларина Се-Фан,1923-06-27,,, ,Ж, ,,3.0, , ,,,,,,,uzegova@sanaa.cc,+7 924 647 8125,,,,,,,,,,,,,,,,,,,,Острые козырьки,961.0,2023-03-07 09:50:44.789,2024-05-10 14:40:10.110,Stream
965190679,Фёдор,Инамидин,Аляпин,Аляпин Фёдор Инамидин,1993-11-21,,, ,М, ,,0.0, , ,,,,,,,alypin@stavropol.biz,+7 906 323 6135,,,,,,,,,,,,,,,,,,,,Безумцы,270.0,2023-12-02 14:40:16.166,2023-12-02 14:40:16.166,Stream
622674677,Аминат,Зангировна,Ананг,Ананг Аминат Зангировна,1934-04-24,,, ,Ж, ,,2.0, , ,,,,,,,anang@yahoo.com,+7 994 802 9086,,,,,,,,,,,,,,,,,,,,Ла-Ла Ленд,217.0,2023-06-29 07:24:43.004,2023-06-29 07:24:43.004,Stream
555557710,Саил,Лонгенович,Пачкин,Пачкин Саил Лонгенович,1957-08-14,,, ,М, ,,0.0, , ,,,,,,,pahkin@yemeni.cc,+7 910 419 4953,,,,,,,,,,,,,,,,,,,,Mad Men,460.0,2024-01-31 14:57:37.264,2024-01-31 14:57:37.264,Stream
196749010,Рахметулах,Мауладиевич,Томулец,Томулец Рахметулах Мауладиевич,1980-02-04,,, ,М, ,,1.0, , ,,,,,,,tomulez@arcticmail.com,+7 954 427 3052,,,,,,,,,,,,,,,,,,,,Дэдпул,87.0,2020-05-01 13:42:35.926,2020-05-01 13:42:35.926,Stream
172764279,Гылмжан,Джавбасович,Крисанчук,Крисанчук Гылмжан Джавбасович,0055-09-10,,, ,М, ,,0.0, , ,,,,,,,krisanhuk@hotsheet.com,+7 968 357 5728,,,,,,,,,,,,,,,,,,,,Холодное сердце,295.0,2022-08-17 08:28:42.786,2022-08-17 08:28:42.786,Stream
443196828,Эль,Ахтемович,Майрханов,Майрханов Эль Ахтемович,1996-01-13,,, ,М, ,,0.0, , ,,,,,,,majrkanov@youthfire.com,+7 988 846 2555,,,,,,,,,,,,,,,,,,,,Loki,795.0,2021-09-12 01:02:26.215,2021-09-23 12:38:37.684,Stream
953493577,Татос,Хо-Бомович,Воловиков,Воловиков Татос Хо-Бомович,1919-09-29,,, ,М, ,,0.0, , ,,,,,,,volovikov@persian.com,+7 922 842 1909,,,,,,,,,,,,,,,,,,,,Титаник,76.0,2020-06-01 18:20:10.922,2020-06-01 18:20:10.922,Stream
101627903,Вардуш,Мавлиддиновна,Борткус,Борткус Вардуш Мавлиддиновна,1927-12-11,,, ,Ж, ,,1.0, , ,,,,,,,bortkus@cookingfan.net,+7 989 121 6674,,,,,,,,,,,,,,,,,,,,Gone Girl,983.0,2021-06-02 18:03:40.595,2021-06-02 18:03:40.595,Stream
5267300,Фаула,Кабдошевна,Мисникова,Мисникова Фаула Кабдошевна,1957-08-19,,, ,Ж, ,,2.0, , ,,,,,,,misnikova@safat.ws,+7 932 118 4485,,,,,,,,,,,,,,,,,,,,Парк юрского периода,96.0,2021-01-14 11:13:02.714,2023-04-21 08:35:52.069,Stream
213278941,Махфуза,Вадленовна,Радцева,Радцева Махфуза Вадленовна,1932-01-28,,, ,Ж, ,,1.0, , ,,,,,,,radzeva@streetracing.com,+7 967 707 2598,,,,,,,,,,,,,,,,,,,,Ведьмак,1054.0,2024-09-14 09:07:14.735,2024-09-16 06:18:16.915,Stream
285062867,Шалкар,Тешебаевна,Пруткая,Пруткая Шалкар Тешебаевна,1930-05-07,,, ,Ж, ,,0.0, , ,,,,,,,prutkay@dhahran.cc,+7 988 270 6854,,,,,,,,,,,,,,,,,,,,В поисках Немо,239.0,2023-03-22 21:13:35.513,2023-03-22 21:13:35.513,Stream
364307630,Ильяз,Очилбоевич,Гилязов,Гилязов Ильяз Очилбоевич,0019-04-03,,, ,М, ,,3.0, , ,,,,,,,gilyzov@hullnumber.com,+7 939 665 7859,,,,,,,,,,,,,,,,,,,,Бегущий по лезвию 2049,743.0,2022-11-08 00:54:07.735,2024-01-05 07:06:12.485,Stream
376964485,Силва,Кязымовна,Тотикова,Тотикова Силва Кязымовна,1926-12-22,,, ,Ж, ,,1.0, , ,,,,,,,totikova@surf.co.nz,+7 989 619 8484,,,,,,,,,,,,,,,,,,,,Парк юрского периода,910.0,2023-01-21 23:13:11.535,2024-06-10 17:52:03.530,Stream
254050750,Зия,Мукадесович,Подлисняк,Подлисняк Зия Мукадесович,1956-07-05,,, ,М, ,,1.0, , ,,,,,,,podlisnyk@floridaemail.net,+7 920 170 4652,,,,,,,,,,,,,,,,,,,,The Wolf of Wall Street,662.0,2021-01-31 22:13:46.220,2022-07-01 15:20:27.168,Stream
393549505,Дурдона,Анушевановна,Лоот,Лоот Дурдона Анушевановна,1974-02-24,,, ,Ж, ,,0.0, , ,,,,,,,loot@homs.cc,+7 916 615 6941,,,,,,,,,,,,,,,,,,,,Narcos,1140.0,2022-07-16 15:11:36.764,2022-07-16 15:11:36.764,Stream
942089319,Гельдиган,Яковлевна,Цалей,Цалей Гельдиган Яковлевна,1990-03-03,,, ,Ж, ,,1.0, , ,,,,,,,zalej@bigmailbox.net,+7 906 691 4920,,,,,,,,,,,,,,,,,,,,Rick and Morty,283.0,2022-11-23 10:27:18.141,2024-01-15 19:43:00.630,Stream
462410031,МОВЛЮТ,АСМАЕВИЧ,ОРДАБАЕВ,ОРДАБАЕВ МОВЛЮТ АСМАЕВИЧ,1971-08-01,ПОС.НОВОЧЕРНОРЕЧЕНСКИЙ,RUS, ,М, ,,, , ,,,,,,,ordabaev@zambia.cc,+7 954 190 9390,24.0,1103.0,662150,4,1,,66,,,АЧИНСК,,"24, г.АЧИНСК, м-н 4, д.1, кв.66",,,,,,,,,,2021-01-27 13:07:24.919,2021-01-27 13:07:24.919,Telco
943003204,КАЙПА,ХАБДРАШИТОВНА,ВОЛОДКЕВИЧ,ВОЛОДКЕВИЧ КАЙПА ХАБДРАШИТОВНА,1993-07-08,ГОР.СОВЕТСКИЙ ТЮМЕНСКОЙ ОБЛАСТИ,BLR, ,Ж, ,,, , ,,,,,,,volodkevih@baseballexpert.net,+7 982 658 9768,66.0,1103.0,623103,ИЛЬИЧА,16,,14,,,,,"66, Г. ПЕРВОУРАЛЬСК, ул. ИЛЬИЧА, д.16, кв.14",,,,,,,,,,2012-04-23 21:25:12.321,2012-04-23 21:25:12.321,Telco
490212475,Софья,Хакимуловна,Тельцова,Тельцова Софья Хакимуловна,0072-07-07,,, ,Ж, ,,3.0, , ,,,,,,,tel_zova@ratedx.net,+7 989 927 7564,,,,,,,,,,,,,,,,,,,,Фарго,365.0,2023-10-19 12:03:28.198,2023-10-19 12:03:28.198,Stream
254476042,Гаполма,Аскендеровна,Юпец,Юпец Гаполма Аскендеровна,1993-07-27,,, ,Ж, ,,1.0, , ,,,,,,,upez@aqaba.cc,+7 967 334 4001,,,,,,,,,,,,,,,,,,,,Человек-паук: Через вселенные,1278.0,2023-02-05 00:03:08.329,2023-02-05 00:03:08.329,Stream
214456697,Зекерийа,Асой,Тыклева,Тыклева Зекерийа Асой,1964-10-08,,, ,Ж, ,,0.0, , ,,,,,,,tykleva@123iran.com,+7 931 569 1900,,,,,,,,,,,,,,,,,,,,Дюна,155.0,2019-10-01 11:48:18.781,2022-10-23 03:53:31.758,Stream
933830743,Анаханум,Юлдашевна,Рудуш,Рудуш Анаханум Юлдашевна,1992-11-19,,, ,Ж, ,,1.0, , ,,,,,,,ruduh@gobot.com,+7 987 929 5816,,,,,,,,,,,,,,,,,,,,No Time to Die,96.0,2020-10-03 07:20:31.657,2020-10-03 07:20:31.657,Stream
80226465,Умар,Анвер Оглы,Карлы,Карлы Умар Анвер Оглы,1940-04-15,,, ,М, ,,1.0, , ,,,,,,,karly@netzoola.com,+7 993 539 9259,,,,,,,,,,,,,,,,,,,,Mad Men,1479.0,2020-03-12 01:55:34.523,2020-03-12 01:55:34.523,Stream
829855522,Хандадаш,Айкович,Тукаев,Тукаев Хандадаш Айкович,1962-01-20,,, ,М, ,,2.0, , ,,,,,,,tukaev@jerash.cc,+7 929 841 5749,,,,,,,,,,,,,,,,,,,,Euphoria,874.0,2024-01-26 07:00:08.874,2024-05-13 10:18:19.073,Stream
331657762,Мадына,Феопеновна,Эшов,Эшов Мадына Феопеновна,1990-11-23,,, ,Ж, ,,2.0, , ,,,,,,,ehov@mail15.com,+7 900 187 1591,,,,,,,,,,,,,,,,,,,,The Truman Show,95.0,2022-09-23 20:13:34.143,2024-07-29 05:41:38.592,Stream
984366538,Рево,Утешович,Филашов,Филашов Рево Утешович,1925-09-30,,, ,М, ,,1.0, , ,,,,,,,filahov@meta.ua,+7 949 884 5529,,,,,,,,,,,,,,,,,,,,,848.0,2020-04-26 18:22:40.387,2020-04-26 18:22:40.387,Stream
610452048,Жалил,Оразбекевич,Гомыдов,Гомыдов Жалил Оразбекевич,1955-12-05,,, ,М, ,,0.0, , ,,,,,,,gomydov@amman.cc,+7 994 824 5585,,,,,,,,,,,,,,,,,,,,Gone Girl,1204.0,2023-08-23 12:09:34.856,2023-08-23 12:09:34.856,Stream
104756146,Люмила,Батуевна,Ожог,Ожог Люмила Батуевна,1975-07-16,,, ,Ж, ,,3.0, , ,,,,,,,ozog@radiomail.ru,+7 955 629 7982,,,,,,,,,,,,,,,,,,,,Красавица и чудовище,610.0,2022-08-04 06:22:14.456,2022-08-04 06:22:14.456,Stream
212997313,Хаитбой,Хуртвелиевич,Коленченко,Коленченко Хаитбой Хуртвелиевич,1974-12-15,,, ,М, ,,0.0, , ,,,,,,,kolenhenko@lucky7lotto.net,+7 917 253 757,,,,,,,,,,,,,,,,,,,,Бумажный дом,0.0,2021-03-05 12:28:33.664,2023-04-27 20:44:47.079,Stream
249530918,Акслу,Пахрутдиновна,Русская,Русская Акслу Пахрутдиновна,1980-05-22,,, ,Ж, ,,1.0, , ,,,,,,,russkay@optician.com,+7 930 910 9253,,,,,,,,,,,,,,,,,,,,,1491.0,2020-11-02 00:38:14.205,2023-08-24 13:50:26.304,Stream
603648080,Рафиса,Земфировна,Третяк,Третяк Рафиса Земфировна,1945-04-05,,, ,Ж, ,,0.0, , ,,,,,,,tretyk@pop3.ru,+7 920 713 3394,,,,,,,,,,,,,,,,,,,,Big Little Lies,873.0,2024-06-22 11:32:47.829,2024-06-22 11:32:47.829,Stream
925207389,Жалгаспай,Хайсалитынович,Жемойда,Жемойда Жалгаспай Хайсалитынович,1917-12-18,,, ,М, ,,1.0, , ,,,,,,,zemojda@portsaid.cc,+7 989 136 2174,,,,,,,,,,,,,,,,,,,,The Haunting of Hill House,889.0,2021-02-16 19:41:29.589,2023-01-07 02:39:59.772,Stream
901702274,Эльдар,Баяраавна,Чемых,Чемых Эльдар Баяраавна,1964-06-30,,, ,М, ,,1.0, , ,,,,,,,hemyk@omani.ws,+7 934 121 7750,,,,,,,,,,,,,,,,,,,,Money Heist,714.0,2022-04-07 05:56:32.704,2022-04-07 05:56:32.704,Stream
536405992,Мируэт,Антиповна,Завелицкая,Завелицкая Мируэт Антиповна,1927-01-22,,, ,Ж, ,,0.0, , ,,,,,,,zavelizkay@music.com,+7 961 842 1805,,,,,,,,,,,,,,,,,,,,Peaky Blinders,682.0,2020-08-14 17:58:57.796,2020-08-14 17:58:57.796,Stream
431025551,Цагик,Аннамуратовна,Накорякова,Накорякова Цагик Аннамуратовна,1901-02-20,,, ,Ж, ,,0.0, , ,,,,,,,nakorykova@comic.com,+7 941 608 3495,,,,,,,,,,,,,,,,,,,,Deadpool,1151.0,2020-08-20 21:22:25.199,2020-08-20 21:22:25.199,Stream
944824242,Лёва,Инелевич,Деш,Деш Лёва Инелевич,2044-08-15,,, ,М, ,,1.0, , ,,,,,,,deh@grapemail.net,+7 939 128 2273,,,,,,,,,,,,,,,,,,,,The Truman Show,1445.0,2021-09-14 12:11:54.173,2021-09-14 12:11:54.173,Stream
800845492,Возих,Мамадуманович,Савран,Савран Возих Мамадуманович,1967-09-27,,, ,М, ,,0.0, , ,,,,,,,savran@inbox.ru,+7 902 808 9490,,,,,,,,,,,,,,,,,,,,Лучше звоните Солу,1363.0,2020-11-15 09:24:39.690,2020-11-15 09:24:39.690,Stream
926442711,Цыпилма,Якшибаевна,Сулий,Сулий Цыпилма Якшибаевна,2005-04-00,,, ,Ж, ,,1.0, , ,,,,,,,sulij@munich.com,+7 963 444 9805,,,,,,,,,,,,,,,,,,,,Memento,1.0,2022-01-07 11:24:21.028,2022-01-19 21:25:19.004,Stream
8600447,Загидат,Аршалусовна,Цибегеева,Цибегеева Загидат Аршалусовна,1987-06-11,,, ,Ж, ,,0.0, , ,,,,,,,zibegeeva@rapstar.com,+7 997 369 7790,,,,,,,,,,,,,,,,,,,,Однажды в Голливуде,920.0,2020-09-18 19:25:17.841,2020-09-18 19:25:17.841,Stream
592428621,Исламутдин,Небиевич,Эгоф,Эгоф Исламутдин Небиевич,1990-06-05,,, ,М, ,,0.0, , ,,,,,,,egof@ratedx.net,+7 915 890 1792,,,,,,,,,,,,,,,,,,,,The Queen's Gambit,1432.0,2020-05-15 16:44:04.404,2020-05-15 16:44:04.404,Stream
874270486,Назимжан,Дамдинович,Поп,Поп Назимжан Дамдинович,1975-05-28,,, ,М, ,,1.0, , ,,,,,,,pop@bigmailbox.net,+7 925 680 8342,,,,,,,,,,,,,,,,,,,,Ведьмак,1394.0,2023-10-30 09:40:55.304,2023-10-30 09:40:55.304,Stream
367391504,Милада,Мязидовна,Москинова,Москинова Милада Мязидовна,1994-07-02,,, ,Ж, ,,2.0, , ,,,,,,,moskinova@postamatik.com,+7 941 276 1185,,,,,,,,,,,,,,,,,,,,Money Heist,733.0,2021-07-22 16:49:09.074,2022-01-03 23:26:47.918,Stream
929734422,Махсуда,Мусавна,Лантинова,Лантинова Махсуда Мусавна,1925-08-15,,, ,Ж, ,,1.0, , ,,,,,,,lantinova@kuwaiti.tv,+7 909 804 2508,,,,,,,,,,,,,,,,,,,,Moonlight,828.0,2023-01-08 05:41:02.981,2023-01-08 05:41:02.981,Stream
232340255,Олёна,Епремовна,Гик,Гик Олёна Епремовна,0072-05-31,,, ,Ж, ,,2.0, , ,,,,,,,gik@musician.org,+7 954 593 4083,,,,,,,,,,,,,,,,,,,,Семь,561.0,2021-12-28 11:15:40.034,2021-12-28 11:15:40.034,Stream
725664431,Кураши,Лероновна,Дрогунская,Дрогунская Кураши Лероновна,1973-09-12,,, ,Ж, ,,1.0, , ,,,,,,,drogunskay@puertoricowow.com,+7 926 895 4570,,,,,,,,,,,,,,,,,,,,Остаться в живых,1497.0,2022-05-07 11:47:18.123,2022-08-03 07:47:30.119,Stream
980918552,ЭРКИНБОЙ,ЧИЛОЕВИЧ,ЛУРЬЕ,ЛУРЬЕ ЭРКИНБОЙ ЧИЛОЕВИЧ,1994-04-06,КАЗАРМА 1024 КМ МОЖГИНСКОГО РАЙОНА УДМУРТСКОЙ АССР,RUS, ,М, ,,, , ,,,,,,,lur_e@upakovka.org,+7 926 167 9953,64.0,1103.0,413011,СТРОИТЕЛЕЙ,10,,2,САРАТОВСКИЙ,САРАТОВ,,,"64, САРАТОВСКИЙ р-он, г.САРАТОВ, С. АЛЕКСАНДРОВКА, ул. СТРОИТЕЛЕЙ, д.10, кв.2",,,,,,,,,,2017-06-18 08:10:18.277,2019-04-25 19:16:23.187,Telco
638356722,АЛЕЙХАНУМ,ЖАБРАИЛОВНА,КУТЫНИНА,КУТЫНИНА АЛЕЙХАНУМ ЖАБРАИЛОВНА,1989-12-31,С.СЕМОВО ЛЫСКОВСКОГО Р-НА НИЖЕГОРОДСКОЙ ОБЛ.,RUS, ,Ж, ,,, , ,,,,,,,kutynina@kemerovo.tv,+7 978 175 4930,36.0,1103.0,394088,Генерала Лизюкова,65,,92,,,Воронеж,,"36, г.Воронеж, ул Генерала Лизюкова, д.65, кв.92",,,,,,,,,,2019-05-25 10:35:23.880,2019-05-25 10:35:23.880,Telco
775570658,Саграт,Мирдамат Оглы,Кочьян,Кочьян Саграт Мирдамат Оглы,1991-08-29,,, ,М, ,,1.0, , ,,,,,,,koh_yn@ramallah.cc,+7 924 119 7863,,,,,,,,,,,,,,,,,,,,В лучшем мире,123.0,2020-03-13 19:12:32.554,2024-05-03 04:17:27.568,Stream
457077699,Шоиста,Факильевна,Маннова,Маннова Шоиста Факильевна,1993-09-14,,, ,Ж, ,,3.0, , ,,,,,,,mannova@mailbling.com,+7 990 384 9692,,,,,,,,,,,,,,,,,,,,Рассказ служанки,1093.0,2021-07-27 17:41:14.784,2024-02-10 05:24:32.878,Stream
35210681,Гулмайраш,Жексенбаевна,Ремешевская,Ремешевская Гулмайраш Жексенбаевна,1927-04-06,,, ,Ж, ,,1.0, , ,,,,,,,remehevskay@siliconemail.com,+7 937 625 2325,,,,,,,,,,,,,,,,,,,,Последний танец,140.0,2020-05-20 01:58:44.978,2020-05-20 01:58:44.978,Stream
711799530,Танер,Серпионович,Нарешелашвили,Нарешелашвили Танер Серпионович,2005-01-01,,, ,М, ,,1.0, , ,,,,,,,narehelahvili@tver.tv,+7 942 111 1683,,,,,,,,,,,,,,,,,,,,The Incredibles,763.0,2020-04-27 02:56:41.035,2024-02-20 01:36:21.813,Stream
81203096,Загиди,Сантгалимович,Шпачук,Шпачук Загиди Сантгалимович,1940-11-11,,, ,М, ,,0.0, , ,,,,,,,hpahuk@giza.cc,+7 908 576 4840,,,,,,,,,,,,,,,,,,,,Deadpool,37.0,2023-04-10 16:22:32.360,2023-04-10 16:22:32.360,Stream
499768920,Кужагали,Гариф Оглы,Жужуков,Жужуков Кужагали Гариф Оглы,1982-11-05,,, ,М, ,,1.0, , ,,,,,,,zuzukov@dublin.com,+7 992 834 1605,,,,,,,,,,,,,,,,,,,,Корона,251.0,2022-08-26 04:36:07.888,2022-08-26 04:36:07.888,Stream
698133853,Рифак,Мидасович,Еронкевич,Еронкевич Рифак Мидасович,1977-04-17,,, ,М, ,,1.0, , ,,,,,,,eronkevih@london.com,+7 926 939 9233,,,,,,,,,,,,,,,,,,,,,437.0,2024-07-15 23:56:39.157,2024-08-04 08:53:15.008,Stream
78656073,Ырсканым,Жимбаевна,Передирина,Передирина Ырсканым Жимбаевна,1967-09-24,,, ,Ж, ,,1.0, , ,,,,,,,peredirina@coolshit.com,+7 999 695 3194,,,,,,,,,,,,,,,,,,,,Паразиты,1461.0,2023-11-02 01:32:07.311,2023-11-20 19:51:47.452,Stream
828777417,Дуйсенгали,Бобохонович,Гайдаюк,Гайдаюк Дуйсенгали Бобохонович,1955-03-08,,, ,М, ,,2.0, , ,,,,,,,gajdauk@lipetsk.biz,+7 903 761 2682,,,,,,,,,,,,,,,,,,,,Star Wars: A New Hope,846.0,2020-02-06 01:51:11.466,2022-10-23 21:15:18.784,Stream
620699181,Акбулат,Утемаратович,Парун,Парун Акбулат Утемаратович,1939-07-14,,, ,М, ,,3.0, , ,,,,,,,paruna@singapore.com,+7 928 116 5768,,,,,,,,,,,,,,,,,,,,Parks and Recreation,1412.0,2020-11-11 21:16:38.577,2020-11-11 21:16:38.577,Stream
669287365,Айме,Нерсиковна,Тринкевич,Тринкевич Айме Нерсиковна,1990-03-05,,, ,Ж, ,,1.0, , ,,,,,,,trinkevih@list.ru,+7 995 747 2124,,,,,,,,,,,,,,,,,,,,Прослушка,515.0,2023-10-05 22:33:12.239,2023-10-05 22:33:12.239,Stream
819848867,Аблисан,Артыкович,Грижневич,Грижневич Аблисан Артыкович,1914-04-24,,, ,М, ,,0.0, , ,,,,,,,griznevih@latakia.cc,+7 962 441 9352,,,,,,,,,,,,,,,,,,,,The X-Files,1435.0,2023-10-12 22:21:47.977,2024-06-10 06:14:11.554,Stream
35694728,Гайнеден,Мосес,Делицын,Делицын Гайнеден Мосес,1975-06-01,,, ,М, ,,1.0, , ,,,,,,,delizyn@omdurman.cc,+7 924 755 5890,,,,,,,,,,,,,,,,,,,,Dune,1392.0,2021-11-25 22:18:37.477,2021-11-25 22:18:37.477,Stream
728501956,Дарыга,Набиевич,Плыгунова,Плыгунова Дарыга Набиевич,1953-11-22,,, ,Ж, ,,1.0, , ,,,,,,,plygunova@relapsecult.com,+7 990 536 6520,,,,,,,,,,,,,,,,,,,,Ведьмак,282.0,2023-06-03 11:51:41.067,2023-06-03 11:51:41.067,Stream
208289866,Магалим,Капитоновна,Тасыбаев,Тасыбаев Магалим Капитоновна,1993-03-17,,, ,М, ,,1.0, , ,,,,,,,tasybaev@bahraini.cc,+7 928 943 6557,,,,,,,,,,,,,,,,,,,,Симпсоны,603.0,2024-03-29 12:44:20.703,2024-03-29 12:44:20.703,Stream
